Epoch,Training Loss,Validation Loss,Learning Rate,Checkpoint Saved
1,24.843390585480428,6.688608451323076,0.00021765364207877676,Yes
2,4.905740410732221,3.5545421874884404,0.0004353072841575535,Yes
3,3.293093693242847,2.9596472310297415,0.0006529609262363302,Yes
4,2.9389639620613157,2.808073659737905,0.000870614568315107,Yes
5,2.714812288760598,2.613302888292255,0.0009416880536915503,Yes
6,2.5122705550523947,2.4813221620790884,0.0008596396485666636,Yes
7,2.3770991475844627,2.3778669201966487,0.0007958716652044296,Yes
8,2.2788660516803843,2.3298746780915693,0.0007444697737590578,Yes
9,2.199863173363563,2.2929325248255874,0.0007018928338845929,Yes
10,2.135752213393654,2.249905762347308,0.0006658740085276569,Yes
11,2.0788254107303166,2.2184196827989635,0.0006348859562821214,Yes
12,2.028769359144802,2.197547307520202,0.0006078570248783083,Yes
13,1.9835621092836377,2.193102883570122,0.0005840101390272986,Yes
14,1.9442428401866918,2.169229996023756,0.0005627662514202818,Yes
15,1.9069675996003168,2.1691906488302983,0.0005436838512914713,Yes
16,1.87376692874207,2.152115588838404,0.0005264196254134446,Yes
17,1.8449312526982165,2.1509274235277465,0.0005107020515241682,Yes
18,1.8173168976109362,2.1371245926076714,0.0004963131825060386,Yes
19,1.7924919683194458,2.131450060642127,0.0004830757787523665,Yes
20,1.7697911307164949,2.124884537675164,0.00047084402684577516,Yes
